<Ui xmlns="http://www.blizzard.com/wow/ui/" xmlns:xsi="http://www.w3.org/2001/XMLSchema-instance" xsi:schemaLocation="http://www.blizzard.com/wow/ui/ ..\FrameXML\UI.xsd">

    <Script file="_FilterManager.lua"/>
    <Script file="_Docker.lua"/>
    <!-- <Script file="_Setting.lua"/> -->
    <Script file="general.lua"/>
    <Script file="misc.lua"/>
    <Script file="channeltab.lua"/>
    <Script file="chatfilter.lua"/>
    <Script file="emote.lua"/>
    <Script file="highlight.lua"/>
    <Script file="copy.lua"/>
    <Script file="shortchattype.lua"/>
    <!-- <Script file="companion.lua"/> -->
    <Script file="companion-wotlk.lua"/>
    <Script file="utils.lua"/>

</Ui>
