<Ui xmlns="http://www.blizzard.com/wow/ui/" xmlns:xsi="http://www.w3.org/2001/XMLSchema-instance" xsi:schemaLocation="http://www.blizzard.com/wow/ui/
..\FrameXML\UI.xsd">

<!--
	<Include file = "..\..\sharedxml\hybridscrollframe.xml"/>
	<Include file = "template.xml"/>
-->

	<script file = "main.lua" />
	<!-- <script file = "FuckUBlizz.lua" /> -->
	<script file = "uiimp.lua" />
	<script file = "autostyle.lua" />
	<script file = "serializer.lua" />
	<!-- <script file = "fix.lua" /> -->
	<script file = "coder.lua" />
	<script file = "comm.lua" />
	<script file = "menu.lua" />
	<!-- <script file = "drop.lua" /> -->
	<script file = "popup.lua" />
	<!-- <script file = "instlock.lua" /> -->
	<script file = "raidlock.lua" />
	<script file = "scroll.lua" />
	<script file = "talent.lua" />

	<script file = "ChatTransmit.lua" />

	<script file = "Setting.lua" />
	<!-- <include file = "Bindings.xml" /> -->

</Ui>

